mysql> use passenger;
Database changed
mysql> select * from cusdetail;
+------+-----------+----------+------+---------------+--------+
| id   | firstname | lastname | age  | emailid       | phone  |
+------+-----------+----------+------+---------------+--------+
| A1   | john      | edward   |   24 | john@dell.com | 998844 |
+------+-----------+----------+------+---------------+--------+
1 row in set (0.00 sec)

mysql> select * from flight;
+------------+-------------+------------+
| flightname | destination | departtime |
+------------+-------------+------------+
| flyindia   | chennai     | 12hour     |
+------------+-------------+------------+
1 row in set (0.00 sec)

  =================================================================================================================

  mysql> select * from classroom;
+-----------+-------------+-------------+---------+
| studentid | studentname | Teachername | subject |
+-----------+-------------+-------------+---------+
|         1 | rahul       | joseph      | maths   |
|         2 | sumitha     | jessica     | science |
|         3 | dillon      | nagaraj     | English |
+-----------+-------------+-------------+---------+
3 rows in set (0.00 sec)
